Chapter,Description
Ch \@ref(ForestryFramework),Provides the framework and entire overview.
Ch \@ref(ForestryUNECEITTOInputData),Provides the whole documentation of the module Forestry_UNECE_ITTO_Input_Data.
Ch \@ref(ForestryValidationInput),Provides the whole documentation of the module Forestry_Validation_Input.
Ch \@ref(ForestryCarryForward),Provides the whole documentation of the module faoswsForestryCarryForward.
Ch \@ref(faoswsForestryAggregation),Provides the whole documentation of the module faoswsForestryAggregation..
Ch \@ref(ForestryValidationAnnualChanges),Provides the whole documentation of the module ForestryValidationAnnualChanges.
Ch \@ref(ForestryValidationNegativeConsump),Provides the whole documentation of the module ForestryValidationNegativeConsumption.
Ch \@ref(ForestryValidationUnitPrice),Provides the whole documentation of the module ForestryValidationUnitPrice.
Appendix,"Describe all code lists, reference tables (datatables) and data sets."
